Workbook

Sheet ACV Machining
A1: PRODUCTION ACHIEVEMENT | L1: DAILY REPORT ACV MACHINING
A3: REPORT DATE | F3: SHIFT | K3: EXPORTED AT
A4: =Data!B3 -> 46227 | F4: =Data!D3 -> Day | K4: =Data!F3 -> 46227.387
A7: TOTAL PLAN | C7: TOTAL ACTUAL | E7: ACHIEVEMENT | H7: BALANCE | K7: AVERAGE OEE | N7: TOTAL STOP TIME
A8: =C18 -> 1823 | C8: =D18 -> 1648 | E8: =E18 -> 0.90400439 | H8: =F18 -> -175 | K8: =G18 -> 0.8532 | N8: =M18 -> 228.2
A11: PRODUCTION SUMMARY
A12: Line | C12: Plan | D12: Actual | E12: Achievement | F12: Balance | G12: OEE | H12: OEE Target | I12: TT Actual | J12: TT Plan | K12: OT Actual | L12: OT Plan | M12: Stop Time | N12: Status
A13: =Data!A7 -> Assy | C13: =Data!B7 -> 147 | D13: =Data!C7 -> 147 | E13: =Data!E7 -> 1 | F13: =Data!D7 -> 0 | G13: =Data!F7 -> 0.98 | H13: =Data!G7 -> 0.98 | I13: =Data!H7 -> 3 | J13: =Data!I7 -> 3 | K13: =Data!J7 -> 0 | L13: =Data!K7 -> 0 | M13: =Data!L7 -> 3 | N13: =Data!M7 -> ON TARGET
A14: =Data!A8 -> Cylinder Block | C14: =Data!B8 -> 450 | D14: =Data!C8 -> 359 | E14: =Data!E8 -> 0.79777778 | F14: =Data!D8 -> -91 | G14: =Data!F8 -> 0.718 | H14: =Data!G8 -> 0.9 | I14: =Data!H8 -> 1.15 | J14: =Data!I8 -> 1.15 | K14: =Data!J8 -> 2 | L14: =Data!K8 -> 2 | M14: =Data!L8 -> 148.4 | N14: =Data!M8 -> BELOW TARGET
A15: =Data!A9 -> Cylinder Head | C15: =Data!B9 -> 450 | D15: =Data!C9 -> 455 | E15: =Data!E9 -> 1.0111111 | F15: =Data!D9 -> 5 | G15: =Data!F9 -> 0.91 | H15: =Data!G9 -> 0.9 | I15: =Data!H9 -> 1.15 | J15: =Data!I9 -> 1.15 | K15: =Data!J9 -> 2 | L15: =Data!K9 -> 2 | M15: =Data!L9 -> 32.2 | N15: =Data!M9 -> ON TARGET
A16: =Data!A10 -> Crankshaft | C16: =Data!B10 -> 450 | D16: =Data!C10 -> 356 | E16: =Data!E10 -> 0.79111111 | F16: =Data!D10 -> -94 | G16: =Data!F10 -> 0.712 | H16: =Data!G10 -> 0.9 | I16: =Data!H10 -> 1.15 | J16: =Data!I10 -> 1.15 | K16: =Data!J10 -> 0 | L16: =Data!K10 -> 2 | M16: =Data!L10 -> 36.8 | N16: =Data!M10 -> BELOW TARGET
A17: =Data!A11 -> Camshaft | C17: =Data!B11 -> 326 | D17: =Data!C11 -> 331 | E17: =Data!E11 -> 1.0153374 | F17: =Data!D11 -> 5 | G17: =Data!F11 -> 0.946 | H17: =Data!G11 -> 0.93 | I17: =Data!H11 -> 1.3 | J17: =Data!I11 -> 1.3 | K17: =Data!J11 -> 0 | L17: =Data!K11 -> 0 | M17: =Data!L11 -> 7.8 | N17: =Data!M11 -> ON TARGET
A18: TOTAL / AVERAGE | C18: =SUM(C13:C17) -> 1823 | D18: =SUM(D13:D17) -> 1648 | E18: =IFERROR(D18/C18,0) -> 0.90400439 | F18: =SUM(F13:F17) -> -175 | G18: =AVERAGE(G13:G17) -> 0.8532 | H18: =AVERAGE(H13:H17) -> 0.922 | I18: ="" | J18: ="" | K18: =SUM(K13:K17) -> 4 | L18: =SUM(L13:L17) -> 6 | M18: =SUM(M13:M17) -> 228.2 | N18: =IF(G18>=H18,"ON TARGET","BELOW TARGET") -> BELOW TARGET
A21: VARIANT DETAILS
A22: ASSY | D22: CYLINDER BLOCK | G22: CYLINDER HEAD | J22: CRANKSHAFT | M22: CAMSHAFT
A23: Variant | B23: Plan / Actual | C23: Balance | D23: Variant | E23: Plan / Actual | F23: Balance | G23: Variant | H23: Plan / Actual | I23: Balance | J23: Variant | K23: Plan / Actual | L23: Balance | M23: Variant | N23: Plan / Actual | O23: Balance
A24: =Data!B16 -> 1TR | B24: =Data!C16&" / "&Data!D16 -> 14 / 12 | C24: =Data!E16 -> -2 | D24: =Data!B18 -> 1TR | E24: =Data!C18&" / "&Data!D18 -> 54 / 43 | F24: =Data!E18 -> -11 | G24: =Data!B20 -> 1TR | H24: =Data!C20&" / "&Data!D20 -> 46 / 44 | I24: =Data!E20 -> -2 | J24: =Data!B22 -> 1TR | K24: =Data!C22&" / "&Data!D22 -> 47 / 84 | L24: =Data!E22 -> 37 | M24: =Data!B24 -> IN | N24: =Data!C24&" / "&Data!D24 -> 326 / 331 | O24: =Data!E24 -> 5
A25: =Data!B17 -> 2TR | B25: =Data!C17&" / "&Data!D17 -> 133 / 135 | C25: =Data!E17 -> 2 | D25: =Data!B19 -> 2TR | E25: =Data!C19&" / "&Data!D19 -> 396 / 316 | F25: =Data!E19 -> -80 | G25: =Data!B21 -> 2TR | H25: =Data!C21&" / "&Data!D21 -> 404 / 411 | I25: =Data!E21 -> 7 | J25: =Data!B23 -> 2TR | K25: =Data!C23&" / "&Data!D23 -> 403 / 272 | L25: =Data!E23 -> -131 | M25: =Data!B25 -> EX | N25: =Data!C25&" / "&Data!D25 -> 326 / 331 | O25: =Data!E25 -> 5
A27: PROBLEM LOG
A28: Line | D28: Problem | L28: Duration (min) | N28: Category
A29: =Data!B30 -> Assy | D29: =Data!C30 -> Machine stop | L29: =Data!D30 -> 12 | N29: =Data!A30 -> AV
D30: =Data!C31 -> Waiting material | L30: =Data!D31 -> 6 | N30: =Data!A31 -> PE
A31: =Data!B32 -> Cylinder Block | D31: =Data!C32 -> Tool abnormality | L31: =Data!D32 -> 4 | N31: =Data!A32 -> AV
D32: =Data!C33 -> Tool change | L32: =Data!D33 -> 7 | N32: =Data!A33 -> PE
A33: =Data!B34 -> Cylinder Head | D33: =Data!C34 -> Casting defect | L33: =Data!D34 -> 8 | N33: =Data!A34 -> RQ
A34: =Data!B35 -> Crankshaft | D34: =Data!C35 -> Machine adjustment | L34: =Data!D35 -> 15 | N34: =Data!A35 -> AV
D35: =Data!C36 -> Quality confirmation | L35: =Data!D36 -> 7 | N35: =Data!A36 -> RQ
A36: =Data!B37 -> Camshaft | D36: =Data!C37 -> Process confirmation | L36: =Data!D37 -> 5 | N36: =Data!A37 -> PE
D37: =Data!C38 -> Surface defect | L37: =Data!D38 -> 3 | N37: =Data!A38 -> RQ

Sheet Data
A1: ACV MACHINING — DATA SOURCE
A2: Structured input for the Production Achievement report | G2: Blue text = input data • Grey cells = calculated
A3: REPORT DATE | B3: 46227 | C3: SHIFT | D3: Day | E3: EXPORTED AT | F3: 46227.387
A5: PRODUCTION SUMMARY DATA
A6: Line | B6: Production Plan | C6: Production Actual | D6: Balance | E6: Achievement | F6: OEE Actual | G6: OEE Target | H6: TT Actual | I6: TT Plan | J6: OT Actual | K6: OT Plan | L6: Stop Time (min) | M6: Status
A7: Assy | B7: 147 | C7: 147 | D7: =C7-B7 -> 0 | E7: =IFERROR(C7/B7,0) -> 1 | F7: 0.98 | G7: 0.98 | H7: 3 | I7: 3 | J7: 0 | K7: 0 | L7: 3 | M7: =IF(F7>=G7,"ON TARGET","BELOW TARGET") -> ON TARGET
A8: Cylinder Block | B8: 450 | C8: 359 | D8: =C8-B8 -> -91 | E8: =IFERROR(C8/B8,0) -> 0.79777778 | F8: 0.718 | G8: 0.9 | H8: 1.15 | I8: 1.15 | J8: 2 | K8: 2 | L8: 148.4 | M8: =IF(F8>=G8,"ON TARGET","BELOW TARGET") -> BELOW TARGET
A9: Cylinder Head | B9: 450 | C9: 455 | D9: =C9-B9 -> 5 | E9: =IFERROR(C9/B9,0) -> 1.0111111 | F9: 0.91 | G9: 0.9 | H9: 1.15 | I9: 1.15 | J9: 2 | K9: 2 | L9: 32.2 | M9: =IF(F9>=G9,"ON TARGET","BELOW TARGET") -> ON TARGET
A10: Crankshaft | B10: 450 | C10: 356 | D10: =C10-B10 -> -94 | E10: =IFERROR(C10/B10,0) -> 0.79111111 | F10: 0.712 | G10: 0.9 | H10: 1.15 | I10: 1.15 | J10: 0 | K10: 2 | L10: 36.8 | M10: =IF(F10>=G10,"ON TARGET","BELOW TARGET") -> BELOW TARGET
A11: Camshaft | B11: 326 | C11: 331 | D11: =C11-B11 -> 5 | E11: =IFERROR(C11/B11,0) -> 1.0153374 | F11: 0.946 | G11: 0.93 | H11: 1.3 | I11: 1.3 | J11: 0 | K11: 0 | L11: 7.8 | M11: =IF(F11>=G11,"ON TARGET","BELOW TARGET") -> ON TARGET
A14: VARIANT DATA
A15: Line | B15: Variant | C15: Production Plan | D15: Production Actual | E15: Balance | F15: Achievement
A16: Assy | B16: 1TR | C16: 14 | D16: 12 | E16: =D16-C16 -> -2 | F16: =IFERROR(D16/C16,0) -> 0.85714286
A17: Assy | B17: 2TR | C17: 133 | D17: 135 | E17: =D17-C17 -> 2 | F17: =IFERROR(D17/C17,0) -> 1.0150376
A18: Cylinder Block | B18: 1TR | C18: 54 | D18: 43 | E18: =D18-C18 -> -11 | F18: =IFERROR(D18/C18,0) -> 0.7962963
A19: Cylinder Block | B19: 2TR | C19: 396 | D19: 316 | E19: =D19-C19 -> -80 | F19: =IFERROR(D19/C19,0) -> 0.7979798
A20: Cylinder Head | B20: 1TR | C20: 46 | D20: 44 | E20: =D20-C20 -> -2 | F20: =IFERROR(D20/C20,0) -> 0.95652174
A21: Cylinder Head | B21: 2TR | C21: 404 | D21: 411 | E21: =D21-C21 -> 7 | F21: =IFERROR(D21/C21,0) -> 1.0173267
A22: Crankshaft | B22: 1TR | C22: 47 | D22: 84 | E22: =D22-C22 -> 37 | F22: =IFERROR(D22/C22,0) -> 1.787234
A23: Crankshaft | B23: 2TR | C23: 403 | D23: 272 | E23: =D23-C23 -> -131 | F23: =IFERROR(D23/C23,0) -> 0.67493797
A24: Camshaft | B24: IN | C24: 326 | D24: 331 | E24: =D24-C24 -> 5 | F24: =IFERROR(D24/C24,0) -> 1.0153374
A25: Camshaft | B25: EX | C25: 326 | D25: 331 | E25: =D25-C25 -> 5 | F25: =IFERROR(D25/C25,0) -> 1.0153374
A28: PROBLEM DATA — GROUPED BY LINE
A29: Category | B29: Line | C29: Problem | D29: Duration (min) | E29: Remarks
A30: AV | B30: Assy | C30: Machine stop | D30: 12 | E30: Auto transfer interruption
A31: PE | B31: Assy | C31: Waiting material | D31: 6 | E31: Material arrival delay
A32: AV | B32: Cylinder Block | C32: Tool abnormality | D32: 4 | E32: Tool inspection required
A33: PE | B33: Cylinder Block | C33: Tool change | D33: 7 | E33: Scheduled tool replacement
A34: RQ | B34: Cylinder Head | C34: Casting defect | D34: 8 | E34: Casting quality finding
A35: AV | B35: Crankshaft | C35: Machine adjustment | D35: 15 | E35: Adjustment and trial cycle
A36: RQ | B36: Crankshaft | C36: Quality confirmation | D36: 7 | E36: Additional inspection
A37: PE | B37: Camshaft | C37: Process confirmation | D37: 5 | E37: Parameter confirmation
A38: RQ | B38: Camshaft | C38: Surface defect | D38: 3 | E38: Surface condition finding
A41: Template note: replace the blue input values with data for the selected date and shift. Do not overwrite the grey formula columns (Balance, Achievement, and Status).
